{
  "generatedAt": "2026-07-02T21:42:47.694Z",
  "summary": {
    "designs": 13,
    "totalStitches": 17348,
    "totalTravelMm": 650.7,
    "meanTravelPct": "4.5%",
    "meanFillCoverage": "95%"
  },
  "results": [
    {
      "name": "rect-fill",
      "metrics": {
        "stitches": 1180,
        "jumps": 0,
        "trims": 0,
        "colors": 1,
        "threadLengthMm": 3814.6851662409263,
        "runtimeMin": 1.6857142857142857,
        "widthMm": 40.400000000000006,
        "heightMm": 23.699999999999775,
        "withinHoop": true,
        "travelMm": 0,
        "travelRatio": 0,
        "stitchLen": {
          "min": 0.8000000000000007,
          "mean": 3.303452782736397,
          "median": 4,
          "p95": 4,
          "max": 4.011234224026312,
          "cv": 0.29839405576211053,
          "shortPct": 0
        },
        "fillCoverage": 0.9865870786516854,
        "pullInMm": 0.23094009172156088,
        "distortMaxMm": 0.6964612639417374,
        "trimsPer1000": 0,
        "jumpsPer1000": 0,
        "sharpTurnPct": 0.07385398981324279
      }
    },
    {
      "name": "disc-fill-tatami",
      "metrics": {
        "stitches": 1274,
        "jumps": 0,
        "trims": 0,
        "colors": 1,
        "threadLengthMm": 4039.156301493418,
        "runtimeMin": 1.82,
        "widthMm": 36.24295810699685,
        "heightMm": 36.24603329622982,
        "withinHoop": true,
        "travelMm": 0,
        "travelRatio": 0,
        "stitchLen": {
          "min": 0.5036097872493156,
          "mean": 3.2416906061210264,
          "median": 3.999999999999997,
          "p95": 4.000000000000007,
          "max": 4.38698201510059,
          "cv": 0.31692892264508477,
          "shortPct": 0.014539579967689823
        },
        "fillCoverage": 0.9798105020809351,
        "pullInMm": 0.1973732217827006,
        "distortMaxMm": 0.6771770165503104,
        "trimsPer1000": 0,
        "jumpsPer1000": 0,
        "sharpTurnPct": 0.10613207547169812
      }
    },
    {
      "name": "disc-fill-contour",
      "metrics": {
        "stitches": 1712,
        "jumps": 0,
        "trims": 0,
        "colors": 1,
        "threadLengthMm": 4395.600896030247,
        "runtimeMin": 2.4457142857142857,
        "widthMm": 35.64000000000001,
        "heightMm": 35.64000000000001,
        "withinHoop": true,
        "travelMm": 0,
        "travelRatio": 0,
        "stitchLen": {
          "min": 0.3195307879826684,
          "mean": 2.657245015589197,
          "median": 2.957559518691887,
          "p95": 3,
          "max": 3.296712324663538,
          "cv": 0.26228652701079513,
          "shortPct": 0.05813953488372093
        },
        "fillCoverage": 0.9547728681484106,
        "pullInMm": 0.22972815479556388,
        "distortMaxMm": 0.6149520185072815,
        "trimsPer1000": 0,
        "jumpsPer1000": 0,
        "sharpTurnPct": 0.016374269005847954
      }
    },
    {
      "name": "ring-fill",
      "metrics": {
        "stitches": 1707,
        "jumps": 0,
        "trims": 0,
        "colors": 1,
        "threadLengthMm": 5188.792927084132,
        "runtimeMin": 2.4385714285714286,
        "widthMm": 44.25571286031129,
        "heightMm": 44.26875728348968,
        "withinHoop": true,
        "travelMm": 0,
        "travelRatio": 0,
        "stitchLen": {
          "min": 0.5036097872493156,
          "mean": 3.1589135866036804,
          "median": 3.9999999999999925,
          "p95": 4.000000000000007,
          "max": 4.442221499926572,
          "cv": 0.3277312119112709,
          "shortPct": 0.017316017316017316
        },
        "fillCoverage": 0.9660486138296737,
        "pullInMm": 0.1016063977713572,
        "distortMaxMm": 0.6809914469185245,
        "trimsPer1000": 0,
        "jumpsPer1000": 0,
        "sharpTurnPct": 0.13841642228739004
      }
    },
    {
      "name": "crescent-turning",
      "metrics": {
        "stitches": 1847,
        "jumps": 0,
        "trims": 0,
        "colors": 1,
        "threadLengthMm": 5548.342819035954,
        "runtimeMin": 2.638571428571429,
        "widthMm": 74.6501577989694,
        "heightMm": 30.995245111253425,
        "withinHoop": true,
        "travelMm": 0,
        "travelRatio": 0,
        "stitchLen": {
          "min": 0.5619264449087489,
          "mean": 3.098170195913975,
          "median": 3.5024943045957966,
          "p95": 3.7987129673947826,
          "max": 4.200246580430704,
          "cv": 0.25089145225711873,
          "shortPct": 0.008445945945945946
        },
        "fillCoverage": 0.9304361700005983,
        "pullInMm": 0.04016417012995275,
        "distortMaxMm": 0.6010845959771406,
        "trimsPer1000": 0,
        "jumpsPer1000": 0,
        "sharpTurnPct": 0.2097560975609756
      }
    },
    {
      "name": "crescent-field",
      "metrics": {
        "stitches": 1820,
        "jumps": 0,
        "trims": 0,
        "colors": 1,
        "threadLengthMm": 5517.223445165016,
        "runtimeMin": 2.6,
        "widthMm": 74.28534594709929,
        "heightMm": 30.995245111253425,
        "withinHoop": true,
        "travelMm": 0,
        "travelRatio": 0,
        "stitchLen": {
          "min": 0.5619264449087489,
          "mean": 3.1294815688300335,
          "median": 3.505576749324962,
          "p95": 3.799403015952268,
          "max": 4.200246580430704,
          "cv": 0.23609166199403775,
          "shortPct": 0.004004576659038902
        },
        "fillCoverage": 0.9281226940029118,
        "pullInMm": 0.04118319673866319,
        "distortMaxMm": 0.5871711037935441,
        "trimsPer1000": 0,
        "jumpsPer1000": 0,
        "sharpTurnPct": 0.20297029702970298
      }
    },
    {
      "name": "golf-green",
      "metrics": {
        "stitches": 1795,
        "jumps": 0,
        "trims": 0,
        "colors": 1,
        "threadLengthMm": 5469.29176931183,
        "runtimeMin": 2.5642857142857145,
        "widthMm": 73.88206044389912,
        "heightMm": 25.418935595679713,
        "withinHoop": true,
        "travelMm": 0,
        "travelRatio": 0,
        "stitchLen": {
          "min": 0.5025297432929714,
          "mean": 3.118582423194426,
          "median": 3.999999999999994,
          "p95": 4.000000000000008,
          "max": 4.333051532377968,
          "cv": 0.34384105411516647,
          "shortPct": 0.020701552616446232
        },
        "fillCoverage": 0.985971769057631,
        "pullInMm": 0.12891309495795353,
        "distortMaxMm": 0.7454108223531865,
        "trimsPer1000": 0,
        "jumpsPer1000": 0,
        "sharpTurnPct": 0.10206358059118795
      }
    },
    {
      "name": "two-discs-routing",
      "metrics": {
        "stitches": 1215,
        "jumps": 1,
        "trims": 1,
        "colors": 1,
        "threadLengthMm": 3677.1362378770386,
        "runtimeMin": 1.7690476190476192,
        "widthMm": 68.25168084645838,
        "heightMm": 24.27338533742555,
        "withinHoop": true,
        "travelMm": 23.75265397590426,
        "travelRatio": 0.0064180943200410154,
        "stitchLen": {
          "min": 0.5835409427171587,
          "mean": 3.116535466521477,
          "median": 3.9999999999999925,
          "p95": 4.000000000000007,
          "max": 4.395210406825073,
          "cv": 0.33940735628220825,
          "shortPct": 0.006837606837606838
        },
        "fillCoverage": 0.9656520872770749,
        "pullInMm": 0.042706069237071896,
        "distortMaxMm": 0.5652280295224839,
        "trimsPer1000": 0.823045267489712,
        "jumpsPer1000": 0.823045267489712,
        "sharpTurnPct": 0.15359207266721717
      }
    },
    {
      "name": "satin-band",
      "metrics": {
        "stitches": 744,
        "jumps": 2,
        "trims": 2,
        "colors": 1,
        "threadLengthMm": 1855.0602551199263,
        "runtimeMin": 1.1295238095238096,
        "widthMm": 56.42127279630775,
        "heightMm": 21.752246648786674,
        "withinHoop": true,
        "travelMm": 99.29697468600507,