{
  "generatedAt": "2026-07-07T04:49:47.001Z",
  "summary": {
    "designs": 13,
    "totalStitches": 17132,
    "totalTravelMm": 664.2,
    "meanTravelPct": "4.5%",
    "meanFillCoverage": "95%"
  },
  "results": [
    {
      "name": "rect-fill",
      "metrics": {
        "stitches": 1175,
        "jumps": 0,
        "trims": 0,
        "colors": 1,
        "threadLengthMm": 3814.6851662409263,
        "runtimeMin": 1.6785714285714286,
        "widthMm": 40.400000000000006,
        "heightMm": 23.699999999999775,
        "withinHoop": true,
        "travelMm": 0,
        "travelRatio": 0,
        "stitchLen": {
          "min": 0.8000000000000007,
          "mean": 3.3154568877536383,
          "median": 4,
          "p95": 4,
          "max": 4.011234224026312,
          "cv": 0.2965775325065961,
          "shortPct": 0
        },
        "fillCoverage": 0.9865870786516854,
        "pullInMm": 0.2324875125124219,
        "distortMaxMm": 0.6964612445024964,
        "trimsPer1000": 0,
        "jumpsPer1000": 0,
        "sharpTurnPct": 0.0741687979539642
      }
    },
    {
      "name": "disc-fill-tatami",
      "metrics": {
        "stitches": 1272,
        "jumps": 0,
        "trims": 0,
        "colors": 1,
        "threadLengthMm": 4039.143514033001,
        "runtimeMin": 1.8171428571428572,
        "widthMm": 36.24295810699685,
        "heightMm": 36.24603329622982,
        "withinHoop": true,
        "travelMm": 0,
        "travelRatio": 0,
        "stitchLen": {
          "min": 0.5036097872493156,
          "mean": 3.246925714334477,
          "median": 3.999999999999997,
          "p95": 4.000000000000007,
          "max": 4.38698201510059,
          "cv": 0.316790547798634,
          "shortPct": 0.01699029126213592
        },
        "fillCoverage": 0.9798326396883025,
        "pullInMm": 0.19747570044219348,
        "distortMaxMm": 0.6771770120629436,
        "trimsPer1000": 0,
        "jumpsPer1000": 0,
        "sharpTurnPct": 0.1062992125984252
      }
    },
    {
      "name": "disc-fill-contour",
      "metrics": {
        "stitches": 1709,
        "jumps": 0,
        "trims": 0,
        "colors": 1,
        "threadLengthMm": 4395.600896030247,
        "runtimeMin": 2.4414285714285713,
        "widthMm": 35.64000000000001,
        "heightMm": 35.64000000000001,
        "withinHoop": true,
        "travelMm": 0,
        "travelRatio": 0,
        "stitchLen": {
          "min": 0.3195307879826684,
          "mean": 2.6596804822626696,
          "median": 2.957754528502699,
          "p95": 3,
          "max": 3.500000000000001,
          "cv": 0.26330679887140734,
          "shortPct": 0.058175137783221066
        },
        "fillCoverage": 0.9547728681484106,
        "pullInMm": 0.23045789518345242,
        "distortMaxMm": 0.614954225641886,
        "trimsPer1000": 0,
        "jumpsPer1000": 0,
        "sharpTurnPct": 0.016403046280023433
      }
    },
    {
      "name": "ring-fill",
      "metrics": {
        "stitches": 1694,
        "jumps": 0,
        "trims": 0,
        "colors": 1,
        "threadLengthMm": 5186.233343900121,
        "runtimeMin": 2.42,
        "widthMm": 44.25571286031129,
        "heightMm": 44.26875728348968,
        "withinHoop": true,
        "travelMm": 0,
        "travelRatio": 0,
        "stitchLen": {
          "min": 0.5036097872493156,
          "mean": 3.178009563622031,
          "median": 3.9999999999999925,
          "p95": 4.000000000000007,
          "max": 4.442221499926572,
          "cv": 0.32693939145349277,
          "shortPct": 0.018668326073428748
        },
        "fillCoverage": 0.9660664080572262,
        "pullInMm": 0.10176000642396954,
        "distortMaxMm": 0.6809966612547848,
        "trimsPer1000": 0,
        "jumpsPer1000": 0,
        "sharpTurnPct": 0.1400709219858156
      }
    },
    {
      "name": "crescent-turning",
      "metrics": {
        "stitches": 1842,
        "jumps": 0,
        "trims": 0,
        "colors": 1,
        "threadLengthMm": 5547.7201110142205,
        "runtimeMin": 2.6314285714285712,
        "widthMm": 74.6501577989694,
        "heightMm": 30.995245111253425,
        "withinHoop": true,
        "travelMm": 0,
        "travelRatio": 0,
        "stitchLen": {
          "min": 0.5619264449087489,
          "mean": 3.1067055321219894,
          "median": 3.502691473245733,
          "p95": 3.799325546676961,
          "max": 4.200246580430704,
          "cv": 0.2493380479958837,
          "shortPct": 0.009599096555618294
        },
        "fillCoverage": 0.9302367324145908,
        "pullInMm": 0.03987617712663762,
        "distortMaxMm": 0.6012129786678995,
        "trimsPer1000": 0,
        "jumpsPer1000": 0,
        "sharpTurnPct": 0.20923913043478262
      }
    },
    {
      "name": "crescent-field",
      "metrics": {
        "stitches": 1816,
        "jumps": 0,
        "trims": 0,
        "colors": 1,
        "threadLengthMm": 5516.385390358343,
        "runtimeMin": 2.5942857142857143,
        "widthMm": 74.28534594709929,
        "heightMm": 30.995245111253425,
        "withinHoop": true,
        "travelMm": 0,
        "travelRatio": 0,
        "stitchLen": {
          "min": 0.5619264449087489,
          "mean": 3.1363209088158155,
          "median": 3.5070131300554865,
          "p95": 3.799403015952268,
          "max": 4.200246580430704,
          "cv": 0.23507684185985847,
          "shortPct": 0.005733944954128441
        },
        "fillCoverage": 0.9279830876927065,
        "pullInMm": 0.040804759688936,
        "distortMaxMm": 0.5873519090683194,
        "trimsPer1000": 0,
        "jumpsPer1000": 0,
        "sharpTurnPct": 0.20231532524807055
      }
    },
    {
      "name": "golf-green",
      "metrics": {
        "stitches": 1778,
        "jumps": 1,
        "trims": 1,
        "colors": 1,
        "threadLengthMm": 5433.021176271305,
        "runtimeMin": 2.5733333333333333,
        "widthMm": 73.88206044389912,
        "heightMm": 25.418935595679713,
        "withinHoop": true,
        "travelMm": 23.05618947302502,
        "travelRatio": 0.004225781257755249,
        "stitchLen": {
          "min": 0.5,
          "mean": 3.131710887711418,
          "median": 3.999999999999994,
          "p95": 4.000000000000008,
          "max": 4.333051532377968,
          "cv": 0.3491220465956173,
          "shortPct": 0.02441860465116279
        },
        "fillCoverage": 0.985483223701429,
        "pullInMm": 0.13007691987252876,
        "distortMaxMm": 0.7413281071197291,
        "trimsPer1000": 0.562429696287964,
        "jumpsPer1000": 0.562429696287964,
        "sharpTurnPct": 0.10710259301014656
      }
    },
    {
      "name": "two-discs-routing",
      "metrics": {
        "stitches": 1213,
        "jumps": 1,
        "trims": 1,
        "colors": 1,
        "threadLengthMm": 3677.0776293331915,
        "runtimeMin": 1.7661904761904763,
        "widthMm": 68.25168084645838,
        "heightMm": 24.27338533742555,
        "withinHoop": true,
        "travelMm": 23.75265397590426,
        "travelRatio": 0.006418195960790138,
        "stitchLen": {
          "min": 0.5835409427171587,
          "mean": 3.121821821306747,
          "median": 3.9999999999999925,
          "p95": 4.000000000000007,
          "max": 4.395210406825073,
          "cv": 0.33915097079269796,
          "shortPct": 0.00684931506849315
        },
        "fillCoverage": 0.965303377503238,
        "pullInMm": 0.04304780045376165,
        "distortMaxMm": 0.5652098827322161,
        "trimsPer1000": 0.8244023083264633,
        "jumpsPer1000": 0.8244023083264633,
        "sharpTurnPct": 0.15384615384615385
      }
    },
    {
      "name": "satin-band",
      "metrics": {
        "stitches": 523,
        "jumps": 2,
        "trims": 2,
        "colors": 1,
        "threadLengthMm": 1855.0600548011728,
        "runtimeMin": 0.8138095238095238,
        "widthMm": 56.42127279630775,
        "heightMm": 21.752246648786674,
        "withinHoop": true,