{
  "generatedAt": "2026-06-30T23:38:41.573Z",
  "summary": {
    "designs": 13,
    "totalStitches": 17258,
    "totalTravelMm": 708.7,
    "meanTravelPct": "4.5%",
    "meanFillCoverage": "94.8%"
  },
  "results": [
    {
      "name": "rect-fill",
      "metrics": {
        "stitches": 1180,
        "jumps": 0,
        "trims": 0,
        "colors": 1,
        "threadLengthMm": 3814.6851662409263,
        "runtimeMin": 1.6857142857142857,
        "widthMm": 40.400000000000006,
        "heightMm": 23.699999999999775,
        "withinHoop": true,
        "travelMm": 0,
        "travelRatio": 0,
        "stitchLen": {
          "min": 0.5000000000000029,
          "mean": 3.2355260103824626,
          "median": 4,
          "p95": 4,
          "max": 4.011234224026312,
          "cv": 0.32867264702524557,
          "shortPct": 0.024597116200169637
        },
        "fillCoverage": 0.9865870786516854,
        "pullInMm": 0.23094009172156088,
        "distortMaxMm": 0.6964612639417374
      }
    },
    {
      "name": "disc-fill-tatami",
      "metrics": {
        "stitches": 1274,
        "jumps": 0,
        "trims": 0,
        "colors": 1,
        "threadLengthMm": 4039.156301493418,
        "runtimeMin": 1.82,
        "widthMm": 36.24295810699685,
        "heightMm": 36.24603329622982,
        "withinHoop": true,
        "travelMm": 0,
        "travelRatio": 0,
        "stitchLen": {
          "min": 0.433981966663431,
          "mean": 3.1729428919822587,
          "median": 3.999999999999997,
          "p95": 4.000000000000007,
          "max": 4.38698201510059,
          "cv": 0.3445122498120333,
          "shortPct": 0.03220738413197172
        },
        "fillCoverage": 0.9798105020809351,
        "pullInMm": 0.1973732217827006,
        "distortMaxMm": 0.6771770165503104
      }
    },
    {
      "name": "disc-fill-contour",
      "metrics": {
        "stitches": 1712,
        "jumps": 0,
        "trims": 0,
        "colors": 1,
        "threadLengthMm": 4395.600896030247,
        "runtimeMin": 2.4457142857142857,
        "widthMm": 35.64000000000001,
        "heightMm": 35.64000000000001,
        "withinHoop": true,
        "travelMm": 0,
        "travelRatio": 0,
        "stitchLen": {
          "min": 0.3195307879826684,
          "mean": 2.5690244862830194,
          "median": 2.955820252143772,
          "p95": 3,
          "max": 3.296712324663538,
          "cv": 0.30954923187423483,
          "shortPct": 0.08182349503214495
        },
        "fillCoverage": 0.9547728681484106,
        "pullInMm": 0.22972815479556388,
        "distortMaxMm": 0.6149520185072815
      }
    },
    {
      "name": "ring-fill",
      "metrics": {
        "stitches": 1707,
        "jumps": 0,
        "trims": 0,
        "colors": 1,
        "threadLengthMm": 5188.792927084132,
        "runtimeMin": 2.4385714285714286,
        "widthMm": 44.25571286031129,
        "heightMm": 44.26875728348968,
        "withinHoop": true,
        "travelMm": 0,
        "travelRatio": 0,
        "stitchLen": {
          "min": 0.40200851094886236,
          "mean": 3.041496440260332,
          "median": 3.9999999999999925,
          "p95": 4.000000000000007,
          "max": 4.442221499926572,
          "cv": 0.3706878987624239,
          "shortPct": 0.04044548651817116
        },
        "fillCoverage": 0.9660486138296737,
        "pullInMm": 0.1016063977713572,
        "distortMaxMm": 0.6809914469185245
      }
    },
    {
      "name": "crescent-turning",
      "metrics": {
        "stitches": 1820,
        "jumps": 0,
        "trims": 0,
        "colors": 1,
        "threadLengthMm": 5517.223445165016,
        "runtimeMin": 2.6,
        "widthMm": 74.28534594709929,
        "heightMm": 30.995245111253425,
        "withinHoop": true,
        "travelMm": 0,
        "travelRatio": 0,
        "stitchLen": {
          "min": 0.31521831654914284,
          "mean": 3.0331079962424496,
          "median": 3.495492117565606,
          "p95": 3.7967657036776736,
          "max": 4.200246580430704,
          "cv": 0.28647026645630036,
          "shortPct": 0.03188565145684442
        },
        "fillCoverage": 0.9281226940029118,
        "pullInMm": 0.04118319673866319,
        "distortMaxMm": 0.5871711037935441
      }
    },
    {
      "name": "crescent-field",
      "metrics": {
        "stitches": 1820,
        "jumps": 0,
        "trims": 0,
        "colors": 1,
        "threadLengthMm": 5517.223445165016,
        "runtimeMin": 2.6,
        "widthMm": 74.28534594709929,
        "heightMm": 30.995245111253425,
        "withinHoop": true,
        "travelMm": 0,
        "travelRatio": 0,
        "stitchLen": {
          "min": 0.31521831654914284,
          "mean": 3.0331079962424496,
          "median": 3.495492117565606,
          "p95": 3.7967657036776736,
          "max": 4.200246580430704,
          "cv": 0.28647026645630036,
          "shortPct": 0.03188565145684442
        },
        "fillCoverage": 0.9281226940029118,
        "pullInMm": 0.04118319673866319,
        "distortMaxMm": 0.5871711037935441
      }
    },
    {
      "name": "golf-green",
      "metrics": {
        "stitches": 1773,
        "jumps": 1,
        "trims": 1,
        "colors": 1,
        "threadLengthMm": 5403.075173198497,
        "runtimeMin": 2.566190476190476,
        "widthMm": 73.88206044389912,
        "heightMm": 25.418935595679713,
        "withinHoop": true,
        "travelMm": 57.98568146100063,
        "travelRatio": 0.01061802514277532,
        "stitchLen": {
          "min": 0.5025297432929714,
          "mean": 3.0508611932233154,
          "median": 3.999999999999994,
          "p95": 4.000000000000008,
          "max": 4.333051532377968,
          "cv": 0.3736431141021996,
          "shortPct": 0.039525691699604744
        },
        "fillCoverage": 0.9855704639436079,
        "pullInMm": 0.12879503804139966,
        "distortMaxMm": 0.7454108223531865
      }
    },
    {
      "name": "two-discs-routing",
      "metrics": {
        "stitches": 1215,
        "jumps": 1,
        "trims": 1,
        "colors": 1,
        "threadLengthMm": 3677.1362378770386,
        "runtimeMin": 1.7690476190476192,
        "widthMm": 68.25168084645838,
        "heightMm": 24.27338533742555,
        "withinHoop": true,
        "travelMm": 23.75265397590426,
        "travelRatio": 0.0064180943200410154,
        "stitchLen": {
          "min": 0.5036097872492945,
          "mean": 3.0314396025367167,
          "median": 3.995760626531253,
          "p95": 4.000000000000007,
          "max": 4.395210406825073,
          "cv": 0.3729388344709712,
          "shortPct": 0.03215169002473207
        },
        "fillCoverage": 0.9656520872770749,
        "pullInMm": 0.042706069237071896,
        "distortMaxMm": 0.5652280295224839
      }
    },
    {
      "name": "satin-band",
      "metrics": {
        "stitches": 744,
        "jumps": 2,
        "trims": 2,
        "colors": 1,
        "threadLengthMm": 1855.0602551199263,
        "runtimeMin": 1.1295238095238096,
        "widthMm": 56.42127279630775,
        "heightMm": 21.752246648786674,
        "withinHoop": true,
        "travelMm": 99.29697468600507,
        "travelRatio": 0.05080799619006465,
        "stitchLen": {
          "min": 0.3345731666788948,
          "mean": 2.503455135114611,
          "median": 3.0989147834088846,
          "p95": 3.1074080985720536,
          "max": 4.8024965639156125,
          "cv": 0.4519473753641317,
          "shortPct": 0.17273954116059378
        },
        "fillCoverage": null,
        "pullInMm": 0.027507858246690275,
        "distortMaxMm": 0.431229226635938
      }
    },
    {
      "name": "scatter-dots",
      "metrics": {
        "stitches": 1229,
        "jumps": 9,
        "trims": 9,
        "colors": 1,
        "threadLengthMm": 2838.2053169958044,
        "runtimeMin": 2.0557142857142856,
        "widthMm": 76.26876630630962,
        "heightMm": 70.25483751846915,
        "withinHoop": true,