{
  "generatedAt": "2026-07-06T13:56:30.100Z",
  "summary": {
    "designs": 13,
    "totalStitches": 17452,
    "totalTravelMm": 650.7,
    "meanTravelPct": "4.5%",
    "meanFillCoverage": "95.1%"
  },
  "results": [
    {
      "name": "rect-fill",
      "metrics": {
        "stitches": 1180,
        "jumps": 0,
        "trims": 0,
        "colors": 1,
        "threadLengthMm": 3814.6851662409263,
        "runtimeMin": 1.6857142857142857,
        "widthMm": 40.400000000000006,
        "heightMm": 23.699999999999775,
        "withinHoop": true,
        "travelMm": 0,
        "travelRatio": 0,
        "stitchLen": {
          "min": 0.8000000000000007,
          "mean": 3.303452782736397,
          "median": 4,
          "p95": 4,
          "max": 4.011234224026312,
          "cv": 0.29839405576211053,
          "shortPct": 0
        },
        "fillCoverage": 0.9865870786516854,
        "pullInMm": 0.23094009172156088,
        "distortMaxMm": 0.6964612639417374,
        "trimsPer1000": 0,
        "jumpsPer1000": 0,
        "sharpTurnPct": 0.07385398981324279
      }
    },
    {
      "name": "disc-fill-tatami",
      "metrics": {
        "stitches": 1275,
        "jumps": 0,
        "trims": 0,
        "colors": 1,
        "threadLengthMm": 4039.153831917086,
        "runtimeMin": 1.8214285714285714,
        "widthMm": 36.24295810699685,
        "heightMm": 36.24603329622982,
        "withinHoop": true,
        "travelMm": 0,
        "travelRatio": 0,
        "stitchLen": {
          "min": 0.5036097872493156,
          "mean": 3.2390722363208218,
          "median": 3.999999999999997,
          "p95": 4.000000000000007,
          "max": 4.38698201510059,
          "cv": 0.31790397805447446,
          "shortPct": 0.01694915254237288
        },
        "fillCoverage": 0.9798326396883025,
        "pullInMm": 0.19744461027123272,
        "distortMaxMm": 0.6771770121243946,
        "trimsPer1000": 0,
        "jumpsPer1000": 0,
        "sharpTurnPct": 0.10604870384917518
      }
    },
    {
      "name": "disc-fill-contour",
      "metrics": {
        "stitches": 1712,
        "jumps": 0,
        "trims": 0,
        "colors": 1,
        "threadLengthMm": 4395.600896030247,
        "runtimeMin": 2.4457142857142857,
        "widthMm": 35.64000000000001,
        "heightMm": 35.64000000000001,
        "withinHoop": true,
        "travelMm": 0,
        "travelRatio": 0,
        "stitchLen": {
          "min": 0.3195307879826684,
          "mean": 2.657245015589197,
          "median": 2.957559518691887,
          "p95": 3,
          "max": 3.296712324663538,
          "cv": 0.26228652701079513,
          "shortPct": 0.05813953488372093
        },
        "fillCoverage": 0.9547728681484106,
        "pullInMm": 0.22972815479556388,
        "distortMaxMm": 0.6149520185072815,
        "trimsPer1000": 0,
        "jumpsPer1000": 0,
        "sharpTurnPct": 0.016374269005847954
      }
    },
    {
      "name": "ring-fill",
      "metrics": {
        "stitches": 1710,
        "jumps": 0,
        "trims": 0,
        "colors": 1,
        "threadLengthMm": 5188.797468345056,
        "runtimeMin": 2.442857142857143,
        "widthMm": 44.25571286031129,
        "heightMm": 44.26875728348968,
        "withinHoop": true,
        "travelMm": 0,
        "travelRatio": 0,
        "stitchLen": {
          "min": 0.5036097872493156,
          "mean": 3.153066549875972,
          "median": 3.9999999999999925,
          "p95": 4.000000000000007,
          "max": 4.442221499926572,
          "cv": 0.3299602645928997,
          "shortPct": 0.01728395061728395
        },
        "fillCoverage": 0.966119790739884,
        "pullInMm": 0.10074079087678561,
        "distortMaxMm": 0.6810209513950336,
        "trimsPer1000": 0,
        "jumpsPer1000": 0,
        "sharpTurnPct": 0.13817330210772832
      }
    },
    {
      "name": "crescent-turning",
      "metrics": {
        "stitches": 1848,
        "jumps": 0,
        "trims": 0,
        "colors": 1,
        "threadLengthMm": 5548.417046277695,
        "runtimeMin": 2.64,
        "widthMm": 74.6501577989694,
        "heightMm": 30.995245111253425,
        "withinHoop": true,
        "travelMm": 0,
        "travelRatio": 0,
        "stitchLen": {
          "min": 0.5619264449087489,
          "mean": 3.097897329176264,
          "median": 3.5024943045957966,
          "p95": 3.7987129673947826,
          "max": 4.200246580430704,
          "cv": 0.25106982388860893,
          "shortPct": 0.010135135135135136
        },
        "fillCoverage": 0.930296563690393,
        "pullInMm": 0.03983658471881488,
        "distortMaxMm": 0.6012114654687822,
        "trimsPer1000": 0,
        "jumpsPer1000": 0,
        "sharpTurnPct": 0.2096424702058505
      }
    },
    {
      "name": "crescent-field",
      "metrics": {
        "stitches": 1821,
        "jumps": 0,
        "trims": 0,
        "colors": 1,
        "threadLengthMm": 5517.297672406757,
        "runtimeMin": 2.6014285714285714,
        "widthMm": 74.28534594709929,
        "heightMm": 30.995245111253425,
        "withinHoop": true,
        "travelMm": 0,
        "travelRatio": 0,
        "stitchLen": {
          "min": 0.5619264449087489,
          "mean": 3.1292043312292472,
          "median": 3.505576749324962,
          "p95": 3.799403015952268,
          "max": 4.200246580430704,
          "cv": 0.2362816940300284,
          "shortPct": 0.005720823798627002
        },
        "fillCoverage": 0.9280030314513074,
        "pullInMm": 0.04087419300918544,
        "distortMaxMm": 0.5872136815437405,
        "trimsPer1000": 0,
        "jumpsPer1000": 0,
        "sharpTurnPct": 0.2028587135788895
      }
    },
    {
      "name": "golf-green",
      "metrics": {
        "stitches": 1804,
        "jumps": 0,
        "trims": 0,
        "colors": 1,
        "threadLengthMm": 5469.767734397267,
        "runtimeMin": 2.577142857142857,
        "widthMm": 73.88206044389912,
        "heightMm": 25.418935595679713,
        "withinHoop": true,
        "travelMm": 0,
        "travelRatio": 0,
        "stitchLen": {
          "min": 0.5025297432929714,
          "mean": 3.1040355874079806,
          "median": 3.999999999999994,
          "p95": 4.000000000000008,
          "max": 4.333051532377968,
          "cv": 0.349487159122078,
          "shortPct": 0.02289639381797367
        },
        "fillCoverage": 0.9859194249123235,
        "pullInMm": 0.12858853170167867,
        "distortMaxMm": 0.7450059475902987,
        "trimsPer1000": 0,
        "jumpsPer1000": 0,
        "sharpTurnPct": 0.10155382907880134
      }
    },
    {
      "name": "two-discs-routing",
      "metrics": {
        "stitches": 1217,
        "jumps": 1,
        "trims": 1,
        "colors": 1,
        "threadLengthMm": 3677.1214903973682,
        "runtimeMin": 1.771904761904762,
        "widthMm": 68.25168084645838,
        "heightMm": 24.27338533742555,
        "withinHoop": true,
        "travelMm": 23.75265397590426,
        "travelRatio": 0.006418119895273194,
        "stitchLen": {
          "min": 0.5835409427171587,
          "mean": 3.1112045634389567,
          "median": 3.9999999999999925,
          "p95": 4.000000000000007,
          "max": 4.395210406825073,
          "cv": 0.34127244364897735,
          "shortPct": 0.006825938566552901
        },
        "fillCoverage": 0.9652784696622497,
        "pullInMm": 0.0428943757365291,
        "distortMaxMm": 0.5652111562491181,
        "trimsPer1000": 0.8216926869350862,
        "jumpsPer1000": 0.8216926869350862,
        "sharpTurnPct": 0.15333882934872217
      }
    },
    {
      "name": "satin-band",
      "metrics": {
        "stitches": 744,
        "jumps": 2,
        "trims": 2,
        "colors": 1,
        "threadLengthMm": 1855.0600548011748,
        "runtimeMin": 1.1295238095238096,
        "widthMm": 56.42127279630775,
        "heightMm": 21.752246648786674,
        "withinHoop": true,
        "travelMm": 99.29697468600507,