{
  "generatedAt": "2026-07-07T01:55:11.054Z",
  "summary": {
    "designs": 13,
    "totalStitches": 17161,
    "totalTravelMm": 650.7,
    "meanTravelPct": "4.5%",
    "meanFillCoverage": "95.1%"
  },
  "results": [
    {
      "name": "rect-fill",
      "metrics": {
        "stitches": 1175,
        "jumps": 0,
        "trims": 0,
        "colors": 1,
        "threadLengthMm": 3814.6851662409263,
        "runtimeMin": 1.6785714285714286,
        "widthMm": 40.400000000000006,
        "heightMm": 23.699999999999775,
        "withinHoop": true,
        "travelMm": 0,
        "travelRatio": 0,
        "stitchLen": {
          "min": 0.8000000000000007,
          "mean": 3.3154568877536383,
          "median": 4,
          "p95": 4,
          "max": 4.011234224026312,
          "cv": 0.2965775325065961,
          "shortPct": 0
        },
        "fillCoverage": 0.9865870786516854,
        "pullInMm": 0.2324875125124219,
        "distortMaxMm": 0.6964612445024964,
        "trimsPer1000": 0,
        "jumpsPer1000": 0,
        "sharpTurnPct": 0.0741687979539642
      }
    },
    {
      "name": "disc-fill-tatami",
      "metrics": {
        "stitches": 1272,
        "jumps": 0,
        "trims": 0,
        "colors": 1,
        "threadLengthMm": 4039.143514033001,
        "runtimeMin": 1.8171428571428572,
        "widthMm": 36.24295810699685,
        "heightMm": 36.24603329622982,
        "withinHoop": true,
        "travelMm": 0,
        "travelRatio": 0,
        "stitchLen": {
          "min": 0.5036097872493156,
          "mean": 3.246925714334477,
          "median": 3.999999999999997,
          "p95": 4.000000000000007,
          "max": 4.38698201510059,
          "cv": 0.316790547798634,
          "shortPct": 0.01699029126213592
        },
        "fillCoverage": 0.9798326396883025,
        "pullInMm": 0.19747570044219348,
        "distortMaxMm": 0.6771770120629436,
        "trimsPer1000": 0,
        "jumpsPer1000": 0,
        "sharpTurnPct": 0.1062992125984252
      }
    },
    {
      "name": "disc-fill-contour",
      "metrics": {
        "stitches": 1709,
        "jumps": 0,
        "trims": 0,
        "colors": 1,
        "threadLengthMm": 4395.600896030247,
        "runtimeMin": 2.4414285714285713,
        "widthMm": 35.64000000000001,
        "heightMm": 35.64000000000001,
        "withinHoop": true,
        "travelMm": 0,
        "travelRatio": 0,
        "stitchLen": {
          "min": 0.3195307879826684,
          "mean": 2.6596804822626696,
          "median": 2.957754528502699,
          "p95": 3,
          "max": 3.500000000000001,
          "cv": 0.26330679887140734,
          "shortPct": 0.058175137783221066
        },
        "fillCoverage": 0.9547728681484106,
        "pullInMm": 0.23045789518345242,
        "distortMaxMm": 0.614954225641886,
        "trimsPer1000": 0,
        "jumpsPer1000": 0,
        "sharpTurnPct": 0.016403046280023433
      }
    },
    {
      "name": "ring-fill",
      "metrics": {
        "stitches": 1697,
        "jumps": 0,
        "trims": 0,
        "colors": 1,
        "threadLengthMm": 5188.570187783306,
        "runtimeMin": 2.4242857142857144,
        "widthMm": 44.25571286031129,
        "heightMm": 44.26875728348968,
        "withinHoop": true,
        "travelMm": 0,
        "travelRatio": 0,
        "stitchLen": {
          "min": 0.5036097872493156,
          "mean": 3.176420221523944,
          "median": 3.9999999999999925,
          "p95": 4.000000000000007,
          "max": 4.442221499926572,
          "cv": 0.32741559363254835,
          "shortPct": 0.018656716417910446
        },
        "fillCoverage": 0.9661553791949892,
        "pullInMm": 0.1008827261675138,
        "distortMaxMm": 0.6809965641269358,
        "trimsPer1000": 0,
        "jumpsPer1000": 0,
        "sharpTurnPct": 0.1392330383480826
      }
    },
    {
      "name": "crescent-turning",
      "metrics": {
        "stitches": 1843,
        "jumps": 0,
        "trims": 0,
        "colors": 1,
        "threadLengthMm": 5548.417152827952,
        "runtimeMin": 2.632857142857143,
        "widthMm": 74.6501577989694,
        "heightMm": 30.995245111253425,
        "withinHoop": true,
        "travelMm": 0,
        "travelRatio": 0,
        "stitchLen": {
          "min": 0.5619264449087489,
          "mean": 3.1050177336184346,
          "median": 3.502691473245733,
          "p95": 3.7987129673947826,
          "max": 4.200246580430704,
          "cv": 0.24983647755356364,
          "shortPct": 0.009593679458239277
        },
        "fillCoverage": 0.930296563690393,
        "pullInMm": 0.03981292669371024,
        "distortMaxMm": 0.6012129786150976,
        "trimsPer1000": 0,
        "jumpsPer1000": 0,
        "sharpTurnPct": 0.2102118413905486
      }
    },
    {
      "name": "crescent-field",
      "metrics": {
        "stitches": 1818,
        "jumps": 0,
        "trims": 0,
        "colors": 1,
        "threadLengthMm": 5517.297778957014,
        "runtimeMin": 2.597142857142857,
        "widthMm": 74.28534594709929,
        "heightMm": 30.995245111253425,
        "withinHoop": true,
        "travelMm": 0,
        "travelRatio": 0,
        "stitchLen": {
          "min": 0.5619264449087489,
          "mean": 3.135693748208606,
          "median": 3.5070131300554865,
          "p95": 3.799403015952268,
          "max": 4.200246580430704,
          "cv": 0.23514446035919542,
          "shortPct": 0.005733944954128441
        },
        "fillCoverage": 0.9280030314513074,
        "pullInMm": 0.04074107643664071,
        "distortMaxMm": 0.5872284164619468,
        "trimsPer1000": 0,
        "jumpsPer1000": 0,
        "sharpTurnPct": 0.20319383259911894
      }
    },
    {
      "name": "golf-green",
      "metrics": {
        "stitches": 1786,
        "jumps": 0,
        "trims": 0,
        "colors": 1,
        "threadLengthMm": 5469.799568018015,
        "runtimeMin": 2.5514285714285716,
        "widthMm": 73.88206044389912,
        "heightMm": 25.418935595679713,
        "withinHoop": true,
        "travelMm": 0,
        "travelRatio": 0,
        "stitchLen": {
          "min": 0.5025297432929714,
          "mean": 3.137808369193713,
          "median": 3.999999999999994,
          "p95": 4.000000000000008,
          "max": 4.333051532377968,
          "cv": 0.34561731803622664,
          "shortPct": 0.024305555555555556
        },
        "fillCoverage": 0.9859194249123235,
        "pullInMm": 0.13080736354644154,
        "distortMaxMm": 0.7452749322361268,
        "trimsPer1000": 0,
        "jumpsPer1000": 0,
        "sharpTurnPct": 0.10257847533632287
      }
    },
    {
      "name": "two-discs-routing",
      "metrics": {
        "stitches": 1213,
        "jumps": 1,
        "trims": 1,
        "colors": 1,
        "threadLengthMm": 3677.0776293331915,
        "runtimeMin": 1.7661904761904763,
        "widthMm": 68.25168084645838,
        "heightMm": 24.27338533742555,
        "withinHoop": true,
        "travelMm": 23.75265397590426,
        "travelRatio": 0.006418195960790138,
        "stitchLen": {
          "min": 0.5835409427171587,
          "mean": 3.121821821306747,
          "median": 3.9999999999999925,
          "p95": 4.000000000000007,
          "max": 4.395210406825073,
          "cv": 0.33915097079269796,
          "shortPct": 0.00684931506849315
        },
        "fillCoverage": 0.965303377503238,
        "pullInMm": 0.04304780045376165,
        "distortMaxMm": 0.5652098827322161,
        "trimsPer1000": 0.8244023083264633,
        "jumpsPer1000": 0.8244023083264633,
        "sharpTurnPct": 0.15384615384615385
      }
    },
    {
      "name": "satin-band",
      "metrics": {
        "stitches": 523,
        "jumps": 2,
        "trims": 2,
        "colors": 1,
        "threadLengthMm": 1855.0600548011728,
        "runtimeMin": 0.8138095238095238,
        "widthMm": 56.42127279630775,
        "heightMm": 21.752246648786674,
        "withinHoop": true,
        "travelMm": 99.29697468600507,