{
  "generatedAt": "2026-06-28T15:00:16.810Z",
  "summary": {
    "designs": 13,
    "totalStitches": 14420,
    "totalTravelMm": 699.5,
    "meanTravelPct": "4.8%",
    "meanFillCoverage": "96.6%"
  },
  "results": [
    {
      "name": "rect-fill",
      "metrics": {
        "stitches": 960,
        "jumps": 0,
        "trims": 0,
        "colors": 1,
        "threadLengthMm": 3007.608566821796,
        "runtimeMin": 1.3714285714285714,
        "widthMm": 40.400000000000006,
        "heightMm": 23.599999999999916,
        "withinHoop": true,
        "travelMm": 0,
        "travelRatio": 0,
        "stitchLen": {
          "min": 0.5054209587593519,
          "mean": 3.136192457582686,
          "median": 4,
          "p95": 4,
          "max": 4.019950248448352,
          "cv": 0.34461232416076426,
          "shortPct": 0.02502606882168926
        },
        "fillCoverage": 0.9896616541353384,
        "pullInMm": 0.21985362567017383,
        "distortMaxMm": 0.6938341232039322
      }
    },
    {
      "name": "disc-fill-tatami",
      "metrics": {
        "stitches": 1045,
        "jumps": 0,
        "trims": 0,
        "colors": 1,
        "threadLengthMm": 3187.263114740764,
        "runtimeMin": 1.4928571428571429,
        "widthMm": 36.26590006178901,
        "heightMm": 36.26590006178901,
        "withinHoop": true,
        "travelMm": 0,
        "travelRatio": 0,
        "stitchLen": {
          "min": 0.5054209587593586,
          "mean": 3.052934017950923,
          "median": 3.9999999999999925,
          "p95": 4.000000000000007,
          "max": 4.2580825916960245,
          "cv": 0.37069709117936106,
          "shortPct": 0.040229885057471264
        },
        "fillCoverage": 0.9881115784812929,
        "pullInMm": 0.1936637706424737,
        "distortMaxMm": 0.6699030175312018
      }
    },
    {
      "name": "disc-fill-contour",
      "metrics": {
        "stitches": 1318,
        "jumps": 0,
        "trims": 0,
        "colors": 1,
        "threadLengthMm": 3466.4128939403686,
        "runtimeMin": 1.8828571428571428,
        "widthMm": 35.640000014305116,
        "heightMm": 35.52,
        "withinHoop": true,
        "travelMm": 0,
        "travelRatio": 0,
        "stitchLen": {
          "min": 0.3438664800126362,
          "mean": 2.632052311268314,
          "median": 2.953435200542346,
          "p95": 2.9847764614137824,
          "max": 3.295993305227161,
          "cv": 0.2810122474987639,
          "shortPct": 0.07137433561123765
        },
        "fillCoverage": 0.9628957272526013,
        "pullInMm": 0.2545343653014772,
        "distortMaxMm": 0.5245597926023661
      }
    },
    {
      "name": "ring-fill",
      "metrics": {
        "stitches": 1427,
        "jumps": 0,
        "trims": 0,
        "colors": 1,
        "threadLengthMm": 4170.6053384886045,
        "runtimeMin": 2.0385714285714287,
        "widthMm": 44.26213502830331,
        "heightMm": 44.26213502830331,
        "withinHoop": true,
        "travelMm": 0,
        "travelRatio": 0,
        "stitchLen": {
          "min": 0.37262869715304203,
          "mean": 2.924688175658204,
          "median": 3.283483140071936,
          "p95": 4.000000000000007,
          "max": 4.446560860963075,
          "cv": 0.39274771704170885,
          "shortPct": 0.05329593267882188
        },
        "fillCoverage": 0.9784333962062707,
        "pullInMm": 0.10347765320668527,
        "distortMaxMm": 0.7012067163986919
      }
    },
    {
      "name": "crescent-turning",
      "metrics": {
        "stitches": 1505,
        "jumps": 0,
        "trims": 0,
        "colors": 1,
        "threadLengthMm": 4396.098405615193,
        "runtimeMin": 2.15,
        "widthMm": 74.30092750274899,
        "heightMm": 30.99693035323324,
        "withinHoop": true,
        "travelMm": 0,
        "travelRatio": 0,
        "stitchLen": {
          "min": 0.3401830168546808,
          "mean": 2.922937769690951,
          "median": 3.482800266666571,
          "p95": 3.749611296586322,
          "max": 4.237909442058355,
          "cv": 0.31842741936823393,
          "shortPct": 0.04853723404255319
        },
        "fillCoverage": 0.9502113574732812,
        "pullInMm": 0.04231690842230154,
        "distortMaxMm": 0.6087234236887061
      }
    },
    {
      "name": "crescent-field",
      "metrics": {
        "stitches": 1505,
        "jumps": 0,
        "trims": 0,
        "colors": 1,
        "threadLengthMm": 4396.098405615193,
        "runtimeMin": 2.15,
        "widthMm": 74.30092750274899,
        "heightMm": 30.99693035323324,
        "withinHoop": true,
        "travelMm": 0,
        "travelRatio": 0,
        "stitchLen": {
          "min": 0.3401830168546808,
          "mean": 2.922937769690951,
          "median": 3.482800266666571,
          "p95": 3.749611296586322,
          "max": 4.237909442058355,
          "cv": 0.31842741936823393,
          "shortPct": 0.04853723404255319
        },
        "fillCoverage": 0.9502113574732812,
        "pullInMm": 0.04231690842230154,
        "distortMaxMm": 0.6087234236887061
      }
    },
    {
      "name": "golf-green",
      "metrics": {
        "stitches": 1482,
        "jumps": 1,
        "trims": 1,
        "colors": 1,
        "threadLengthMm": 4342.556967093498,
        "runtimeMin": 2.15047619047619,
        "widthMm": 73.86538999890192,
        "heightMm": 25.365718429875976,
        "withinHoop": true,
        "travelMm": 57.98568146100063,
        "travelRatio": 0.013176938866857231,
        "stitchLen": {
          "min": 0.32842712474619,
          "mean": 2.934160112901014,
          "median": 3.5800990356522444,
          "p95": 4.000000000000008,
          "max": 4.476714915653714,
          "cv": 0.39432817695187805,
          "shortPct": 0.04256756756756757
        },
        "fillCoverage": 0.988806426263861,
        "pullInMm": 0.1258280643031942,
        "distortMaxMm": 0.7633047969715681
      }
    },
    {
      "name": "two-discs-routing",
      "metrics": {
        "stitches": 1013,
        "jumps": 1,
        "trims": 1,
        "colors": 1,
        "threadLengthMm": 2923.5290111414197,
        "runtimeMin": 1.4804761904761905,
        "widthMm": 68.26607880477144,
        "heightMm": 24.266078804771453,
        "withinHoop": true,
        "travelMm": 23.479185155859962,
        "travelRatio": 0.007967125841509366,
        "stitchLen": {
          "min": 0.5054209587593536,
          "mean": 2.891720090149771,
          "median": 3.2669827278557886,
          "p95": 4.000000000000007,
          "max": 4.315239162933641,
          "cv": 0.4069987212508051,
          "shortPct": 0.05440158259149357
        },
        "fillCoverage": 0.9772812196397878,
        "pullInMm": 0.042126856968249554,
        "distortMaxMm": 0.6841895391172587
      }
    },
    {
      "name": "satin-band",
      "metrics": {
        "stitches": 760,
        "jumps": 2,
        "trims": 2,
        "colors": 1,
        "threadLengthMm": 1691.0849647175417,
        "runtimeMin": 1.1523809523809523,
        "widthMm": 56.38509825153142,
        "heightMm": 21.750334787119254,
        "withinHoop": true,
        "travelMm": 99.29697468600507,
        "travelRatio": 0.055461336210241914,
        "stitchLen": {
          "min": 0.3095462935418814,
          "mean": 2.233929940181696,
          "median": 3.0986106741332224,
          "p95": 3.100278978728277,
          "max": 4.8024965639156125,
          "cv": 0.5695719791962691,
          "shortPct": 0.27212681638044917
        },
        "fillCoverage": null,
        "pullInMm": 0.02657379379446698,
        "distortMaxMm": 0.42890585949571136
      }
    },
    {
      "name": "scatter-dots",
      "metrics": {
        "stitches": 1049,
        "jumps": 9,
        "trims": 9,
        "colors": 1,
        "threadLengthMm": 2306.367568232212,
        "runtimeMin": 1.7985714285714287,
        "widthMm": 76.2577706561626,
        "heightMm": 70.255179657203,